{
  "acceptance_package": {
    "capture_plan_id": "sc8-p0-r3-input-timing-pilot-v3",
    "condition_id": "wg903-1600dpi-1000hz-native-wm-input",
    "environment_id": "sc8-env-zulartan-wg903-native-v1",
    "evidence_state": "pilot",
    "frame_record_count": 1906,
    "observed_frame_span_seconds": 30.002004200126976,
    "planned_repeat_count": 5,
    "repetition_ordinal": 3,
    "run_id": "20260715t0631538304273z-r3",
    "trace_duration_seconds": 30.0,
    "trace_id": "20260715t0631538304273z-r3-mouse"
  },
  "burst_interval_count": 1795,
  "burst_interval_fraction": 0.06190722538368684,
  "device_id": 1095924446,
  "duplicate_monotonic_timestamp_count": 0,
  "duplicate_timestamp_count": 0,
  "event_count": 28996,
  "gap_interval_count": 1542,
  "gap_interval_fraction": 0.053181583031557164,
  "maximum_event_timestamp_ulp_nanoseconds": 0.23283064365386963,
  "maximum_event_vs_monotonic_interval_difference_ms": 0.0,
  "maximum_interval_ms": 18.06850009597838,
  "maximum_nearest_cadence_residual_ms": 0.9915002156049013,
  "maximum_single_cadence_residual_ms": 0.49970003217458725,
  "median_absolute_deviation_ms": 0.03600004129111767,
  "median_event_vs_monotonic_interval_difference_ms": 0.0,
  "median_interval_ms": 0.9979000315070152,
  "median_sampling_rate_hz": 1002.1043876407273,
  "minimum_interval_ms": 0.0063998159021139145,
  "multi_cadence_interval_count": 1542,
  "nominal_sampling_rate_hz": 1000.0,
  "observed_event_throughput_hz": 966.4398842212684,
  "p95_interval_ms": 1.6140500316396353,
  "p95_single_cadence_residual_ms": 0.224515029042959,
  "p99_interval_ms": 5.154491798020904,
  "p99_single_cadence_residual_ms": 0.3926020724326376,
  "positive_interval_count": 28995,
  "reverse_timestamp_count": 0,
  "run_id": "20260715t0631538304273z-r3",
  "single_cadence_interval_count": 25658,
  "single_cadence_interval_fraction": 0.884911191584756,
  "source_integrity_run_id": "20260715t0631538304273z-r3",
  "source_raw_relative_path": "sc8_sc8-p0-r1-protocol-v1_sc8-env-zulartan-wg903-native-v1_wg903-1600dpi-1000hz-native-wm-input_20260715t0631538304273z-r3_raw-mouse-events.jsonl",
  "source_raw_sha256": "b2d839e55e77c688ae54b9ea499121d3031c7b4713c268a677b92bc550ec8387",
  "trace_id": "20260715t0631538304273z-r3-mouse"
}
