{
  "acceptance_package": {
    "capture_plan_id": "sc8-p0-r3-input-timing-pilot-v3",
    "condition_id": "wg903-1600dpi-1000hz-native-wm-input",
    "environment_id": "sc8-env-zulartan-wg903-native-v1",
    "evidence_state": "pilot",
    "frame_record_count": 1900,
    "observed_frame_span_seconds": 30.010357199935243,
    "planned_repeat_count": 5,
    "repetition_ordinal": 4,
    "run_id": "20260715t0632258767104z-r4",
    "trace_duration_seconds": 30.0,
    "trace_id": "20260715t0632258767104z-r4-mouse"
  },
  "device_id": 1095924446,
  "duplicate_monotonic_timestamp_count": 0,
  "duplicate_timestamp_count": 0,
  "event_count": 29315,
  "maximum_event_timestamp_ulp_nanoseconds": 0.23283064365386963,
  "maximum_event_vs_monotonic_interval_difference_ms": 0.0,
  "maximum_interval_ms": 24.479500018060207,
  "maximum_nearest_cadence_residual_ms": 0.9916003327816725,
  "median_absolute_deviation_ms": 0.02869986928999424,
  "median_event_vs_monotonic_interval_difference_ms": 0.0,
  "median_interval_ms": 0.9978001471608877,
  "median_sampling_rate_hz": 1002.2047028609603,
  "minimum_interval_ms": 0.0061998143792152405,
  "multi_cadence_interval_count": 1198,
  "p95_interval_ms": 1.2971751391887658,
  "p99_interval_ms": 5.17249603755772,
  "positive_interval_count": 29314,
  "reverse_timestamp_count": 0,
  "run_id": "20260715t0632258767104z-r4",
  "source_integrity_run_id": "20260715t0632258767104z-r4",
  "source_raw_relative_path": "sc8_sc8-p0-r1-protocol-v1_sc8-env-zulartan-wg903-native-v1_wg903-1600dpi-1000hz-native-wm-input_20260715t0632258767104z-r4_raw-mouse-events.jsonl",
  "source_raw_sha256": "73a056aef68e4b13cccc9acb8e465a2ecaf565afaf739651755d48068e53f4d6",
  "trace_id": "20260715t0632258767104z-r4-mouse"
}
