{
  "acceptance_package": {
    "capture_plan_id": "sc8-p0-r3-input-timing-pilot-v3",
    "condition_id": "wg903-1600dpi-1000hz-native-wm-input",
    "environment_id": "sc8-env-zulartan-wg903-native-v1",
    "evidence_state": "pilot",
    "frame_record_count": 1904,
    "observed_frame_span_seconds": 29.996782900067046,
    "planned_repeat_count": 5,
    "repetition_ordinal": 1,
    "run_id": "20260715t0630447749738z-r1",
    "trace_duration_seconds": 30.0,
    "trace_id": "20260715t0630447749738z-r1-mouse"
  },
  "device_id": 1095924446,
  "duplicate_monotonic_timestamp_count": 0,
  "duplicate_timestamp_count": 0,
  "event_count": 29725,
  "maximum_event_timestamp_ulp_nanoseconds": 0.23283064365386963,
  "maximum_event_vs_monotonic_interval_difference_ms": 0.0,
  "maximum_interval_ms": 41.95340001024306,
  "maximum_nearest_cadence_residual_ms": 0.9898000862449408,
  "median_absolute_deviation_ms": 0.03239989746361971,
  "median_event_vs_monotonic_interval_difference_ms": 0.0,
  "median_interval_ms": 0.9969000238925219,
  "median_sampling_rate_hz": 1003.1096158422927,
  "minimum_interval_ms": 0.0070999376475811005,
  "multi_cadence_interval_count": 898,
  "p95_interval_ms": 1.20508496183902,
  "p99_interval_ms": 5.210701031610466,
  "positive_interval_count": 29724,
  "reverse_timestamp_count": 0,
  "run_id": "20260715t0630447749738z-r1",
  "source_integrity_run_id": "20260715t0630447749738z-r1",
  "source_raw_relative_path": "sc8_sc8-p0-r1-protocol-v1_sc8-env-zulartan-wg903-native-v1_wg903-1600dpi-1000hz-native-wm-input_20260715t0630447749738z-r1_raw-mouse-events.jsonl",
  "source_raw_sha256": "061755098a0987f4e057d29c1bdbfb272ebefa12fa332f47007e8a43ea631c8a",
  "trace_id": "20260715t0630447749738z-r1-mouse"
}
