{
  "acceptance_package": {
    "capture_plan_id": "sc8-p0-r3-input-timing-pilot-v3",
    "condition_id": "wg903-1600dpi-1000hz-native-wm-input",
    "environment_id": "sc8-env-zulartan-wg903-native-v1",
    "evidence_state": "pilot",
    "frame_record_count": 1899,
    "observed_frame_span_seconds": 30.00029219989665,
    "planned_repeat_count": 5,
    "repetition_ordinal": 5,
    "run_id": "20260715t0632592526448z-r5",
    "trace_duration_seconds": 30.0,
    "trace_id": "20260715t0632592526448z-r5-mouse"
  },
  "burst_interval_count": 1746,
  "burst_interval_fraction": 0.062060140754958415,
  "device_id": 1095924446,
  "duplicate_monotonic_timestamp_count": 0,
  "duplicate_timestamp_count": 0,
  "event_count": 28135,
  "gap_interval_count": 1682,
  "gap_interval_fraction": 0.05978531314423829,
  "maximum_event_timestamp_ulp_nanoseconds": 0.23283064365386963,
  "maximum_event_vs_monotonic_interval_difference_ms": 0.0,
  "maximum_interval_ms": 321.11739995889366,
  "maximum_nearest_cadence_residual_ms": 0.9920999873429537,
  "maximum_single_cadence_residual_ms": 0.4996997993439436,
  "median_absolute_deviation_ms": 0.03200001083314419,
  "median_event_vs_monotonic_interval_difference_ms": 0.0,
  "median_interval_ms": 0.9983000345528126,
  "median_sampling_rate_hz": 1001.7028602507751,
  "minimum_interval_ms": 0.006200047209858894,
  "multi_cadence_interval_count": 1685,
  "nominal_sampling_rate_hz": 1000.0,
  "observed_event_throughput_hz": 937.7283169180542,
  "p95_interval_ms": 1.9479700480587776,
  "p95_single_cadence_residual_ms": 0.20544994529336694,
  "p99_interval_ms": 5.317668055649846,
  "p99_single_cadence_residual_ms": 0.38659006915986555,
  "positive_interval_count": 28134,
  "reverse_timestamp_count": 0,
  "run_id": "20260715t0632592526448z-r5",
  "single_cadence_interval_count": 24706,
  "single_cadence_interval_fraction": 0.8781545461008033,
  "source_integrity_run_id": "20260715t0632592526448z-r5",
  "source_raw_relative_path": "sc8_sc8-p0-r1-protocol-v1_sc8-env-zulartan-wg903-native-v1_wg903-1600dpi-1000hz-native-wm-input_20260715t0632592526448z-r5_raw-mouse-events.jsonl",
  "source_raw_sha256": "8a55dadd1d6cdc3426139ca0c2c4a6b8848c583b3002f5234c1e450eb0c058df",
  "trace_id": "20260715t0632592526448z-r5-mouse"
}
