{
  "acceptance_package": {
    "capture_plan_id": "sc8-p0-r3-input-timing-pilot-v3",
    "condition_id": "wg903-1600dpi-1000hz-native-wm-input",
    "environment_id": "sc8-env-zulartan-wg903-native-v1",
    "evidence_state": "pilot",
    "frame_record_count": 1904,
    "observed_frame_span_seconds": 30.009352300083265,
    "planned_repeat_count": 5,
    "repetition_ordinal": 2,
    "run_id": "20260715t0631193280677z-r2",
    "trace_duration_seconds": 30.0,
    "trace_id": "20260715t0631193280677z-r2-mouse"
  },
  "device_id": 1095924446,
  "duplicate_monotonic_timestamp_count": 0,
  "duplicate_timestamp_count": 0,
  "event_count": 27593,
  "maximum_event_timestamp_ulp_nanoseconds": 0.23283064365386963,
  "maximum_event_vs_monotonic_interval_difference_ms": 0.0,
  "maximum_interval_ms": 111.0640000551939,
  "maximum_nearest_cadence_residual_ms": 0.9912003297358751,
  "median_absolute_deviation_ms": 0.03960018511861563,
  "median_event_vs_monotonic_interval_difference_ms": 0.0,
  "median_interval_ms": 0.9984001517295837,
  "median_sampling_rate_hz": 1001.6024118863011,
  "minimum_interval_ms": 0.0071998219937086105,
  "multi_cadence_interval_count": 2440,
  "p95_interval_ms": 2.015800087247044,
  "p99_interval_ms": 5.290166097693147,
  "positive_interval_count": 27592,
  "reverse_timestamp_count": 0,
  "run_id": "20260715t0631193280677z-r2",
  "source_integrity_run_id": "20260715t0631193280677z-r2",
  "source_raw_relative_path": "sc8_sc8-p0-r1-protocol-v1_sc8-env-zulartan-wg903-native-v1_wg903-1600dpi-1000hz-native-wm-input_20260715t0631193280677z-r2_raw-mouse-events.jsonl",
  "source_raw_sha256": "deda33a2341d484518f1d267fe4b276552f1ca1f81185a0507d831c792c41eb3",
  "trace_id": "20260715t0631193280677z-r2-mouse"
}
