{
  "acceptance_package": {
    "capture_plan_id": "sc8-p0-r3-input-timing-pilot-v2",
    "condition_id": "wg903-1600dpi-1000hz-user-bluetooth",
    "environment_id": "sc8-env-zulartan-wg903-v1",
    "evidence_state": "pilot",
    "frame_record_count": 4322,
    "observed_frame_span_seconds": 30.006456500000013,
    "planned_repeat_count": 5,
    "repetition_ordinal": 4,
    "run_id": "20260715t0443370247145z-r4",
    "trace_duration_seconds": 30.0,
    "trace_id": "20260715t0443370247145z-r4-mouse"
  },
  "device_id": 2,
  "duplicate_monotonic_timestamp_count": 0,
  "duplicate_timestamp_count": 9132,
  "event_count": 31602,
  "maximum_event_timestamp_ulp_nanoseconds": 0.00011368683772161603,
  "maximum_event_vs_monotonic_interval_difference_ms": 17.722100000014507,
  "maximum_interval_ms": 347.24340000002485,
  "maximum_nearest_cadence_residual_ms": 0.0011000000768035534,
  "median_absolute_deviation_ms": 0.0011000000768035534,
  "median_event_vs_monotonic_interval_difference_ms": 0.011999999856016075,
  "median_interval_ms": 0.0012000000424450263,
  "median_sampling_rate_hz": 833333.3038576216,
  "minimum_interval_ms": 9.999996564147295e-05,
  "multi_cadence_interval_count": 9358,
  "p95_interval_ms": 6.941600000004655,
  "p99_interval_ms": 6.956532000026527,
  "positive_interval_count": 22469,
  "reverse_timestamp_count": 0,
  "run_id": "20260715t0443370247145z-r4",
  "source_integrity_run_id": "20260715t0443370247145z-r4",
  "source_raw_relative_path": "sc8_sc8-p0-r1-protocol-v1_sc8-env-zulartan-wg903-v1_wg903-1600dpi-1000hz-user-bluetooth_20260715t0443370247145z-r4_raw-mouse-events.jsonl",
  "source_raw_sha256": "4a5aba4839302351d8c4e18fd853c35490106182046e4f7b74393ba428470542",
  "trace_id": "20260715t0443370247145z-r4-mouse"
}
