{
  "acceptance_package": {
    "capture_plan_id": "sc8-p0-r3-input-timing-pilot-v2",
    "condition_id": "wg903-1600dpi-1000hz-user-bluetooth",
    "environment_id": "sc8-env-zulartan-wg903-v1",
    "evidence_state": "pilot",
    "frame_record_count": 4320,
    "observed_frame_span_seconds": 30.001030500000006,
    "planned_repeat_count": 5,
    "repetition_ordinal": 2,
    "run_id": "20260715t0432500748618z-r2",
    "trace_duration_seconds": 30.0,
    "trace_id": "20260715t0432500748618z-r2-mouse"
  },
  "device_id": 2,
  "duplicate_monotonic_timestamp_count": 0,
  "duplicate_timestamp_count": 9310,
  "event_count": 31729,
  "maximum_event_timestamp_ulp_nanoseconds": 1.4210854715202004e-05,
  "maximum_event_vs_monotonic_interval_difference_ms": 19.837999999992917,
  "maximum_interval_ms": 23.877199999994048,
  "maximum_nearest_cadence_residual_ms": 0.0015000000104237188,
  "median_absolute_deviation_ms": 0.0015000000104237188,
  "median_event_vs_monotonic_interval_difference_ms": 0.015599999997562009,
  "median_interval_ms": 0.0016000000044869012,
  "median_sampling_rate_hz": 624999.9982473042,
  "minimum_interval_ms": 9.999999406318238e-05,
  "multi_cadence_interval_count": 8689,
  "p95_interval_ms": 6.9417999999927815,
  "p99_interval_ms": 6.961783000000139,
  "positive_interval_count": 22418,
  "reverse_timestamp_count": 0,
  "run_id": "20260715t0432500748618z-r2",
  "source_integrity_run_id": "20260715t0432500748618z-r2",
  "source_raw_relative_path": "sc8_sc8-p0-r1-protocol-v1_sc8-env-zulartan-wg903-v1_wg903-1600dpi-1000hz-user-bluetooth_20260715t0432500748618z-r2_raw-mouse-events.jsonl",
  "source_raw_sha256": "4dd579417c58a38ebf87b383eb20ab67d6f50b6b36e7dbcfb7082e7239880d2c",
  "trace_id": "20260715t0432500748618z-r2-mouse"
}
