{
  "acceptance_package": {
    "capture_plan_id": "sc8-p0-r3-input-timing-pilot-v2",
    "condition_id": "wg903-1600dpi-1000hz-user-bluetooth",
    "environment_id": "sc8-env-zulartan-wg903-v1",
    "evidence_state": "pilot",
    "frame_record_count": 4320,
    "observed_frame_span_seconds": 30.0014041,
    "planned_repeat_count": 5,
    "repetition_ordinal": 1,
    "run_id": "20260715t0432138115558z-r1",
    "trace_duration_seconds": 30.0,
    "trace_id": "20260715t0432138115558z-r1-mouse"
  },
  "device_id": 2,
  "duplicate_monotonic_timestamp_count": 0,
  "duplicate_timestamp_count": 9254,
  "event_count": 31492,
  "maximum_event_timestamp_ulp_nanoseconds": 7.105427357601002e-06,
  "maximum_event_vs_monotonic_interval_difference_ms": 132.40199999999902,
  "maximum_interval_ms": 135.6371000000003,
  "maximum_nearest_cadence_residual_ms": 0.0018000000068241206,
  "median_absolute_deviation_ms": 0.0017999999997186933,
  "median_event_vs_monotonic_interval_difference_ms": 0.020899999999102192,
  "median_interval_ms": 0.001900000000887303,
  "median_sampling_rate_hz": 526315.7892278939,
  "minimum_interval_ms": 9.999999406318238e-05,
  "multi_cadence_interval_count": 8464,
  "p95_interval_ms": 6.9407999999995695,
  "p99_interval_ms": 6.963000000001216,
  "positive_interval_count": 22237,
  "reverse_timestamp_count": 0,
  "run_id": "20260715t0432138115558z-r1",
  "source_integrity_run_id": "20260715t0432138115558z-r1",
  "source_raw_relative_path": "sc8_sc8-p0-r1-protocol-v1_sc8-env-zulartan-wg903-v1_wg903-1600dpi-1000hz-user-bluetooth_20260715t0432138115558z-r1_raw-mouse-events.jsonl",
  "source_raw_sha256": "0fc472ce2de075239626e372c51c942e8427f2790f830b343aff5ee9f461b24d",
  "trace_id": "20260715t0432138115558z-r1-mouse"
}
