{
  "acceptance_package": {
    "capture_plan_id": "sc8-p0-r3-input-timing-pilot-v2",
    "condition_id": "wg903-1600dpi-1000hz-user-bluetooth",
    "environment_id": "sc8-env-zulartan-wg903-v1",
    "evidence_state": "pilot",
    "frame_record_count": 4319,
    "observed_frame_span_seconds": 30.004146700000092,
    "planned_repeat_count": 5,
    "repetition_ordinal": 3,
    "run_id": "20260715t0443050430462z-r3",
    "trace_duration_seconds": 30.0,
    "trace_id": "20260715t0443050430462z-r3-mouse"
  },
  "device_id": 2,
  "duplicate_monotonic_timestamp_count": 0,
  "duplicate_timestamp_count": 8857,
  "event_count": 31562,
  "maximum_event_timestamp_ulp_nanoseconds": 0.00011368683772161603,
  "maximum_event_vs_monotonic_interval_difference_ms": 31.643700000017816,
  "maximum_interval_ms": 34.920499999998356,
  "maximum_nearest_cadence_residual_ms": 0.0013000000080864993,
  "median_absolute_deviation_ms": 0.0013000000080864993,
  "median_event_vs_monotonic_interval_difference_ms": 0.017600000035145058,
  "median_interval_ms": 0.0013999999737279722,
  "median_sampling_rate_hz": 714285.7276898103,
  "minimum_interval_ms": 9.999996564147295e-05,
  "multi_cadence_interval_count": 9383,
  "p95_interval_ms": 6.940984999988586,
  "p99_interval_ms": 6.966193999967345,
  "positive_interval_count": 22704,
  "reverse_timestamp_count": 0,
  "run_id": "20260715t0443050430462z-r3",
  "source_integrity_run_id": "20260715t0443050430462z-r3",
  "source_raw_relative_path": "sc8_sc8-p0-r1-protocol-v1_sc8-env-zulartan-wg903-v1_wg903-1600dpi-1000hz-user-bluetooth_20260715t0443050430462z-r3_raw-mouse-events.jsonl",
  "source_raw_sha256": "9b69565af705df97867f16306ae460212e07a69f514d2b889dbba945bf1bd17f",
  "trace_id": "20260715t0443050430462z-r3-mouse"
}
