{
  "acceptance_package": {
    "capture_plan_id": "sc8-p0-r3-input-timing-pilot-v2",
    "condition_id": "wg903-1600dpi-1000hz-user-bluetooth",
    "environment_id": "sc8-env-zulartan-wg903-v1",
    "evidence_state": "pilot",
    "frame_record_count": 4321,
    "observed_frame_span_seconds": 30.001144599999975,
    "planned_repeat_count": 5,
    "repetition_ordinal": 5,
    "run_id": "20260715t0444093790100z-r5",
    "trace_duration_seconds": 30.0,
    "trace_id": "20260715t0444093790100z-r5-mouse"
  },
  "device_id": 2,
  "duplicate_monotonic_timestamp_count": 0,
  "duplicate_timestamp_count": 9025,
  "event_count": 31720,
  "maximum_event_timestamp_ulp_nanoseconds": 0.00011368683772161603,
  "maximum_event_vs_monotonic_interval_difference_ms": 18.065100000171697,
  "maximum_interval_ms": 40.05460000007588,
  "maximum_nearest_cadence_residual_ms": 0.0010999999631167157,
  "median_absolute_deviation_ms": 0.0010999999631167157,
  "median_event_vs_monotonic_interval_difference_ms": 0.011900000117748277,
  "median_interval_ms": 0.0011999999287581886,
  "median_sampling_rate_hz": 833333.3828068164,
  "minimum_interval_ms": 9.999996564147295e-05,
  "multi_cadence_interval_count": 9219,
  "p95_interval_ms": 6.942199999912191,
  "p99_interval_ms": 6.9587070000386575,
  "positive_interval_count": 22694,
  "reverse_timestamp_count": 0,
  "run_id": "20260715t0444093790100z-r5",
  "source_integrity_run_id": "20260715t0444093790100z-r5",
  "source_raw_relative_path": "sc8_sc8-p0-r1-protocol-v1_sc8-env-zulartan-wg903-v1_wg903-1600dpi-1000hz-user-bluetooth_20260715t0444093790100z-r5_raw-mouse-events.jsonl",
  "source_raw_sha256": "6042e15e18fd1b6aef03d9afc2ca7c29a2a426320906db17c12df70e5826d720",
  "trace_id": "20260715t0444093790100z-r5-mouse"
}
