{
  "acceptance_package": {
    "capture_plan_id": "sc8-p0-r3-input-timing-pilot-v1",
    "condition_id": "wg903-1600dpi-1000hz-user-bluetooth",
    "environment_id": "sc8-env-zulartan-wg903-v1",
    "evidence_state": "pilot",
    "frame_record_count": 4322,
    "observed_frame_span_seconds": 30.005892999999958,
    "planned_repeat_count": 5,
    "repetition_ordinal": 5,
    "run_id": "20260715t0423173227291z-r5",
    "trace_duration_seconds": 30.0,
    "trace_id": "20260715t0423173227291z-r5-mouse"
  },
  "device_id": 2,
  "duplicate_monotonic_timestamp_count": 0,
  "duplicate_timestamp_count": 0,
  "event_count": 4303,
  "maximum_event_timestamp_ulp_nanoseconds": 5.6843418860808015e-05,
  "maximum_event_vs_monotonic_interval_difference_ms": 16.7149999999765,
  "maximum_interval_ms": 131.9204000000127,
  "maximum_nearest_cadence_residual_ms": 2.145149999989826,
  "median_absolute_deviation_ms": 0.03155000001697772,
  "median_event_vs_monotonic_interval_difference_ms": 0.02545000000964137,
  "median_interval_ms": 6.9447500000023865,
  "median_sampling_rate_hz": 143.99366427872226,
  "minimum_interval_ms": 5.8336999999824,
  "multi_cadence_interval_count": 3,
  "p95_interval_ms": 7.1193149999885454,
  "p99_interval_ms": 7.3611559999915235,
  "positive_interval_count": 4302,
  "reverse_timestamp_count": 0,
  "run_id": "20260715t0423173227291z-r5",
  "source_integrity_run_id": "20260715t0423173227291z-r5",
  "source_raw_relative_path": "sc8_sc8-p0-r1-protocol-v1_sc8-env-zulartan-wg903-v1_wg903-1600dpi-1000hz-user-bluetooth_20260715t0423173227291z-r5_raw-mouse-events.jsonl",
  "source_raw_sha256": "1122b04ab04e1c86f6cd8e7a2373a018607c4392715dbbf7391df672518a7186",
  "trace_id": "20260715t0423173227291z-r5-mouse"
}
