{
  "acceptance_package": {
    "capture_plan_id": "sc8-p0-r3-input-timing-pilot-v1",
    "condition_id": "wg903-1600dpi-1000hz-user-bluetooth",
    "environment_id": "sc8-env-zulartan-wg903-v1",
    "evidence_state": "pilot",
    "frame_record_count": 4322,
    "observed_frame_span_seconds": 30.006574100000023,
    "planned_repeat_count": 5,
    "repetition_ordinal": 4,
    "run_id": "20260715t0422451518893z-r4",
    "trace_duration_seconds": 30.0,
    "trace_id": "20260715t0422451518893z-r4-mouse"
  },
  "device_id": 2,
  "duplicate_monotonic_timestamp_count": 0,
  "duplicate_timestamp_count": 0,
  "event_count": 4247,
  "maximum_event_timestamp_ulp_nanoseconds": 5.6843418860808015e-05,
  "maximum_event_vs_monotonic_interval_difference_ms": 15.691600000025119,
  "maximum_interval_ms": 34.737399999983154,
  "maximum_nearest_cadence_residual_ms": 3.3652999999844724,
  "median_absolute_deviation_ms": 0.029300000051080133,
  "median_event_vs_monotonic_interval_difference_ms": 0.028249999985519025,
  "median_interval_ms": 6.944700000019566,
  "median_sampling_rate_hz": 143.9947009945977,
  "minimum_interval_ms": 5.935200000010354,
  "multi_cadence_interval_count": 69,
  "p95_interval_ms": 7.145424999976058,
  "p99_interval_ms": 13.887265000008142,
  "positive_interval_count": 4246,
  "reverse_timestamp_count": 0,
  "run_id": "20260715t0422451518893z-r4",
  "source_integrity_run_id": "20260715t0422451518893z-r4",
  "source_raw_relative_path": "sc8_sc8-p0-r1-protocol-v1_sc8-env-zulartan-wg903-v1_wg903-1600dpi-1000hz-user-bluetooth_20260715t0422451518893z-r4_raw-mouse-events.jsonl",
  "source_raw_sha256": "3febcde23ecedaf84df2e1a968a956d3d43c88db63b5465241e5031f06f15e4a",
  "trace_id": "20260715t0422451518893z-r4-mouse"
}
