{
  "acceptance_package": {
    "capture_plan_id": "sc8-p0-r3-input-timing-pilot-v1",
    "condition_id": "wg903-1600dpi-1000hz-user-bluetooth",
    "environment_id": "sc8-env-zulartan-wg903-v1",
    "evidence_state": "pilot",
    "frame_record_count": 4321,
    "observed_frame_span_seconds": 30.005134099999992,
    "planned_repeat_count": 5,
    "repetition_ordinal": 2,
    "run_id": "20260715t0421368343266z-r2",
    "trace_duration_seconds": 30.0,
    "trace_id": "20260715t0421368343266z-r2-mouse"
  },
  "device_id": 2,
  "duplicate_monotonic_timestamp_count": 0,
  "duplicate_timestamp_count": 0,
  "event_count": 4211,
  "maximum_event_timestamp_ulp_nanoseconds": 2.8421709430404007e-05,
  "maximum_event_vs_monotonic_interval_difference_ms": 18.699599999990824,
  "maximum_interval_ms": 298.7051000000065,
  "maximum_nearest_cadence_residual_ms": 2.651200000002518,
  "median_absolute_deviation_ms": 0.03329999999834854,
  "median_event_vs_monotonic_interval_difference_ms": 0.028550000010341137,
  "median_interval_ms": 6.94540000000643,
  "median_sampling_rate_hz": 143.98018832595304,
  "minimum_interval_ms": 4.328299999997398,
  "multi_cadence_interval_count": 11,
  "p95_interval_ms": 7.149075000009475,
  "p99_interval_ms": 7.5323589999885545,
  "positive_interval_count": 4210,
  "reverse_timestamp_count": 0,
  "run_id": "20260715t0421368343266z-r2",
  "source_integrity_run_id": "20260715t0421368343266z-r2",
  "source_raw_relative_path": "sc8_sc8-p0-r1-protocol-v1_sc8-env-zulartan-wg903-v1_wg903-1600dpi-1000hz-user-bluetooth_20260715t0421368343266z-r2_raw-mouse-events.jsonl",
  "source_raw_sha256": "48251b5c051ed5b61406e928e2a083c4db8718ca6b9a6bc28cc0726628d5a711",
  "trace_id": "20260715t0421368343266z-r2-mouse"
}
