{
  "acceptance_package": {
    "capture_plan_id": "sc8-p0-r3-input-timing-pilot-v1",
    "condition_id": "wg903-1600dpi-1000hz-user-bluetooth",
    "environment_id": "sc8-env-zulartan-wg903-v1",
    "evidence_state": "pilot",
    "frame_record_count": 4321,
    "observed_frame_span_seconds": 30.002076499999987,
    "planned_repeat_count": 5,
    "repetition_ordinal": 3,
    "run_id": "20260715t0422103255005z-r3",
    "trace_duration_seconds": 30.0,
    "trace_id": "20260715t0422103255005z-r3-mouse"
  },
  "device_id": 2,
  "duplicate_monotonic_timestamp_count": 0,
  "duplicate_timestamp_count": 0,
  "event_count": 4276,
  "maximum_event_timestamp_ulp_nanoseconds": 5.6843418860808015e-05,
  "maximum_event_vs_monotonic_interval_difference_ms": 15.390199999984588,
  "maximum_interval_ms": 329.6845999999789,
  "maximum_nearest_cadence_residual_ms": 3.2790000006741593,
  "median_absolute_deviation_ms": 0.033300000012559394,
  "median_event_vs_monotonic_interval_difference_ms": 0.026800000028970317,
  "median_interval_ms": 6.944799999985207,
  "median_sampling_rate_hz": 143.99262757777475,
  "minimum_interval_ms": 5.441000000018903,
  "multi_cadence_interval_count": 1,
  "p95_interval_ms": 7.1363199999922236,
  "p99_interval_ms": 7.410989999992239,
  "positive_interval_count": 4275,
  "reverse_timestamp_count": 0,
  "run_id": "20260715t0422103255005z-r3",
  "source_integrity_run_id": "20260715t0422103255005z-r3",
  "source_raw_relative_path": "sc8_sc8-p0-r1-protocol-v1_sc8-env-zulartan-wg903-v1_wg903-1600dpi-1000hz-user-bluetooth_20260715t0422103255005z-r3_raw-mouse-events.jsonl",
  "source_raw_sha256": "54b228e4b1faf9e97a61c0463d2af36fe5b82bc1160d815c29948f3f536660af",
  "trace_id": "20260715t0422103255005z-r3-mouse"
}
