{
  "acceptance_package": {
    "capture_plan_id": "sc8-p0-r3-input-timing-pilot-v1",
    "condition_id": "wg903-1600dpi-1000hz-user-bluetooth",
    "environment_id": "sc8-env-zulartan-wg903-v1",
    "evidence_state": "pilot",
    "frame_record_count": 4321,
    "observed_frame_span_seconds": 30.000579799999997,
    "planned_repeat_count": 5,
    "repetition_ordinal": 1,
    "run_id": "20260715t0420409399777z-r1",
    "trace_duration_seconds": 30.0,
    "trace_id": "20260715t0420409399777z-r1-mouse"
  },
  "device_id": 2,
  "duplicate_monotonic_timestamp_count": 0,
  "duplicate_timestamp_count": 0,
  "event_count": 4237,
  "maximum_event_timestamp_ulp_nanoseconds": 2.8421709430404007e-05,
  "maximum_event_vs_monotonic_interval_difference_ms": 110.63199999998119,
  "maximum_interval_ms": 416.68860000001473,
  "maximum_nearest_cadence_residual_ms": 6.8301000000019485,
  "median_absolute_deviation_ms": 0.02509999998778767,
  "median_event_vs_monotonic_interval_difference_ms": 0.026700000006485425,
  "median_interval_ms": 6.944900000007692,
  "median_sampling_rate_hz": 143.9905542194837,
  "minimum_interval_ms": 0.11480000000574364,
  "multi_cadence_interval_count": 9,
  "p95_interval_ms": 7.118850000011889,
  "p99_interval_ms": 7.394390000000327,
  "positive_interval_count": 4236,
  "reverse_timestamp_count": 0,
  "run_id": "20260715t0420409399777z-r1",
  "source_integrity_run_id": "20260715t0420409399777z-r1",
  "source_raw_relative_path": "sc8_sc8-p0-r1-protocol-v1_sc8-env-zulartan-wg903-v1_wg903-1600dpi-1000hz-user-bluetooth_20260715t0420409399777z-r1_raw-mouse-events.jsonl",
  "source_raw_sha256": "e8dd5dafea11b3c974013eb28bf2c63a9419d97a9f6f061d4d2b133722df9131",
  "trace_id": "20260715t0420409399777z-r1-mouse"
}
